timestamp,product,price,quantity
2026-04-20 21:40:33.187480,tomato,852.6117849687585,9
2026-04-20 17:10:33.187480,banana,195.72449184630912,1
2026-04-21 10:40:33.187480,tomato,406.5745123700574,9
2026-04-21 12:40:33.187480,milk,408.23131400984073,9
2026-04-21 23:40:33.187480,milk,383.17083903701405,2
2026-04-21 20:40:33.187480,banana,314.1887582058362,8
2026-04-21 00:10:33.187480,banana,202.8194486237606,5
2026-04-22 05:10:33.187480,tilapia,691.641270427401,2
2026-04-22 02:40:33.187480,banana,243.4951234359232,6
2026-04-20 21:40:33.187480,milk,383.2105851565832,7
2026-04-20 13:10:33.187480,tilapia,699.6229588106416,1
2026-04-21 19:10:33.187480,milk,348.79095550361035,4
2026-04-21 15:40:33.187480,tilapia,903.0264014279207,9
2026-04-22 08:40:33.187480,banana,302.4925881558912,7
2026-04-22 02:10:33.187480,banana,237.3318537122761,5
2026-04-21 16:10:33.187480,tomato,421.88219006178747,10
2026-04-21 00:40:33.187480,tilapia,736.2965678574269,1
2026-04-20 20:10:33.187480,tilapia,1069.5116304087878,4
2026-04-21 00:40:33.187480,banana,134.75931849690244,1
2026-04-21 17:10:33.187480,tomato,673.293000448089,6
2026-04-21 06:40:33.187480,tilapia,627.0896908557232,6
2026-04-22 04:10:33.187480,banana,341.9407719179012,10
2026-04-21 04:40:33.187480,tomato,544.6448357577574,5
2026-04-21 04:10:33.187480,tilapia,658.3905744050492,5
2026-04-21 14:40:33.187480,banana,224.96515534351684,9
2026-04-21 12:10:33.187480,tomato,752.0231423580813,6
2026-04-21 05:10:33.187480,tomato,821.1363183764993,5
2026-04-20 15:40:33.187480,banana,164.546152341861,9
2026-04-20 18:40:33.187480,milk,296.3574030405289,4
2026-04-22 00:10:33.187480,milk,382.6006677813284,2
2026-04-21 07:10:33.187480,milk,520.3181463873186,8
2026-04-21 06:40:33.187480,milk,242.91786417617,4
2026-04-21 17:10:33.187480,tilapia,832.3971208519431,10
2026-04-21 07:10:33.187480,banana,167.77932810029074,10
2026-04-21 03:10:33.187480,banana,252.59388070664122,4
2026-04-20 14:10:33.187480,tomato,675.9686552578598,8
2026-04-22 08:10:33.187480,milk,433.91101362123976,4
2026-04-21 22:40:33.187480,tomato,576.0196591685984,1
2026-04-21 21:40:33.187480,tomato,555.8371537828559,8
2026-04-20 17:10:33.187480,milk,349.8980106934938,10
2026-04-21 16:40:33.187480,milk,463.82439793900716,8
2026-04-20 14:10:33.187480,tilapia,993.1355309607659,4
2026-04-22 04:40:33.187480,tomato,799.842857770346,7
2026-04-21 03:40:33.187480,milk,459.8837293021626,6
2026-04-21 17:10:33.187480,tilapia,1074.3452324027194,1
2026-04-20 20:10:33.187480,tilapia,864.772034124227,5
2026-04-21 14:10:33.187480,tomato,867.2737054233628,5
2026-04-21 13:10:33.187480,milk,315.1096964006267,4
2026-04-22 04:40:33.187480,banana,149.8416276956703,6
2026-04-22 05:40:33.187480,milk,495.12957047773216,10
2026-04-20 21:40:33.187480,banana,254.0825923904955,6
2026-04-21 08:40:33.187480,tilapia,587.4629122151421,1
2026-04-21 13:10:33.187480,tilapia,822.3886614827195,2
2026-04-20 22:10:33.187480,tilapia,528.5944077545673,7
2026-04-21 06:10:33.187480,tilapia,718.1997733272361,7
2026-04-21 22:10:33.187480,tomato,578.8547884956827,6
2026-04-21 14:40:33.187480,milk,275.6395842241306,7
2026-04-22 10:10:33.187480,milk,296.25636715873316,8
2026-04-21 06:10:33.187480,tomato,450.47263528803836,5
2026-04-20 17:40:33.187480,banana,281.3796597799699,3
2026-04-21 23:40:33.187480,tomato,843.690438484108,8
2026-04-21 16:10:33.187480,tilapia,1079.2634785073305,5
2026-04-20 15:10:33.187480,banana,343.0093672166189,5
2026-04-21 10:40:33.187480,tomato,764.9029133688714,5
2026-04-22 11:40:33.187480,banana,128.10669534617665,1
2026-04-21 01:40:33.187480,tomato,528.8994960312989,2
2026-04-21 21:10:33.187480,banana,245.7130317628501,8
2026-04-21 09:40:33.187480,banana,237.86689299921784,1
2026-04-21 01:40:33.187480,tomato,408.5813301669852,3
2026-04-21 15:40:33.187480,tomato,680.9085997596796,5
2026-04-21 08:10:33.187480,tilapia,814.4715488923954,8
2026-04-21 15:40:33.187480,tomato,647.8125271524148,3
2026-04-22 00:40:33.187480,banana,247.49664518549895,8
2026-04-21 17:10:33.187480,milk,420.5152494530864,6
2026-04-21 07:40:33.187480,milk,363.9991478873492,1
2026-04-21 04:10:33.187480,tomato,781.9530390390004,3
2026-04-20 20:10:33.187480,milk,500.5377025497443,1
2026-04-21 04:10:33.187480,banana,290.48912743673986,2
2026-04-21 16:40:33.187480,milk,532.5530278282424,4
2026-04-21 10:40:33.187480,tomato,639.3868695040586,2
2026-04-22 02:10:33.187480,milk,280.3757261630189,2
2026-04-21 00:10:33.187480,tomato,513.938632291654,10
2026-04-22 07:40:33.187480,banana,301.0628451717761,3
2026-04-21 07:40:33.187480,milk,303.63168129149506,4
2026-04-21 00:40:33.187480,banana,311.15622746987486,4
2026-04-22 02:40:33.187480,milk,345.38427097083536,10
2026-04-22 04:40:33.187480,milk,431.6819965015427,2
2026-04-21 03:10:33.187480,tomato,628.7184097897242,2
2026-04-21 03:40:33.187480,banana,356.17486686376867,3
2026-04-21 14:10:33.187480,tomato,822.8777511092393,5
2026-04-21 20:10:33.187480,tomato,783.2805994894788,10
2026-04-21 02:10:33.187480,tilapia,946.7028492091412,2
2026-04-21 03:10:33.187480,milk,335.40913862033915,4
2026-04-20 15:40:33.187480,milk,430.0124303616809,4
2026-04-22 11:10:33.187480,tilapia,745.5011643419482,9
2026-04-22 04:40:33.187480,banana,171.62430942093528,10
2026-04-21 02:40:33.187480,tilapia,1026.8750219696203,1
2026-04-21 01:40:33.187480,tilapia,887.0353551470614,3
2026-04-21 05:10:33.187480,banana,282.6354666155865,5
2026-04-20 13:10:33.187480,tilapia,1050.2766465058523,1
2026-04-22 04:10:33.187480,tilapia,821.364374607884,4
2026-04-20 14:40:33.187480,tilapia,802.8875869349558,8
2026-04-22 10:40:33.187480,tilapia,655.3154997272618,8
2026-04-20 18:40:33.187480,tomato,566.965492238922,5
2026-04-21 18:10:33.187480,banana,268.5424687437536,3
2026-04-22 06:10:33.187480,tilapia,724.2491907140982,5
2026-04-20 21:40:33.187480,tilapia,516.7964722387546,10
2026-04-21 08:10:33.187480,banana,261.0230982708348,5
2026-04-21 06:10:33.187480,milk,445.2830513570128,4
2026-04-22 00:40:33.187480,tilapia,686.5785567772812,4
2026-04-21 02:40:33.187480,tomato,837.3263196522162,6
2026-04-22 00:40:33.187480,tomato,524.279124633387,5
2026-04-21 13:40:33.187480,tilapia,919.8800397210975,4
2026-04-21 01:40:33.187480,banana,352.3680692002731,6
2026-04-21 10:40:33.187480,banana,356.30655778221615,2
2026-04-21 18:40:33.187480,tilapia,539.6190414758254,5
2026-04-21 04:40:33.187480,banana,251.89563403216377,7
2026-04-22 11:10:33.187480,tilapia,849.1463915379504,4
2026-04-21 03:40:33.187480,milk,384.53848215666073,8
2026-04-21 11:10:33.187480,banana,352.34999429055057,2
2026-04-20 18:10:33.187480,tomato,462.5809514265477,6
2026-04-22 04:40:33.187480,tilapia,970.9289569666107,6
2026-04-21 19:10:33.187480,milk,240.5372294206527,2
2026-04-21 12:40:33.187480,tilapia,546.6595991424105,7
2026-04-20 19:10:33.187480,milk,330.9856184858181,3
2026-04-20 16:10:33.187480,banana,120.7992129148169,9
2026-04-22 11:10:33.187480,banana,164.65055460118504,6
2026-04-20 14:40:33.187480,banana,240.4285531166853,4
2026-04-22 07:10:33.187480,banana,349.18978813602956,9
2026-04-21 01:40:33.187480,tomato,395.15934030402434,9
2026-04-21 13:10:33.187480,tilapia,1029.0128817271182,6
2026-04-21 14:10:33.187480,milk,502.3830746172963,6
2026-04-20 22:40:33.187480,tilapia,873.5458460669659,9
2026-04-20 19:40:33.187480,milk,390.2054978212516,4
2026-04-21 17:40:33.187480,banana,354.5254051642901,1
2026-04-22 06:10:33.187480,banana,359.8294223277675,4
2026-04-22 12:10:33.187480,milk,406.21803660978577,1
2026-04-21 21:10:33.187480,milk,376.7050231650093,8
2026-04-22 11:40:33.187480,tomato,440.37922008894583,8
2026-04-22 08:40:33.187480,milk,472.81114899386444,3
2026-04-22 08:40:33.187480,banana,132.88849576194855,7
2026-04-21 13:10:33.187480,milk,453.2900704998017,2
2026-04-21 12:40:33.187480,milk,359.05037029668154,1
2026-04-21 14:10:33.187480,milk,508.5650323430287,5
2026-04-22 11:40:33.187480,tilapia,528.3249797384307,5
2026-04-21 04:10:33.187480,banana,239.4284940708579,10
2026-04-20 23:40:33.187480,tilapia,613.368666151324,2
2026-04-22 11:10:33.187480,banana,218.52783191947148,8
2026-04-22 11:10:33.187480,tomato,880.7271243725222,8
2026-04-22 05:10:33.187480,tilapia,838.6999194377844,10
2026-04-20 19:40:33.187480,tilapia,761.7425321485975,9
2026-04-20 13:10:33.187480,milk,307.4831052990827,1
2026-04-22 06:40:33.187480,banana,267.0391807954421,10
2026-04-20 13:10:33.187480,milk,417.58901535743325,5
2026-04-20 14:40:33.187480,tomato,823.237002216767,1
2026-04-20 21:10:33.187480,tilapia,834.6282822901534,4
2026-04-21 11:10:33.187480,tilapia,746.6043044477992,7
2026-04-20 22:10:33.187480,tilapia,583.6657825006519,5
2026-04-20 17:10:33.187480,milk,474.5221904853223,3
2026-04-20 15:10:33.187480,milk,513.2439008890424,6
2026-04-21 02:40:33.187480,milk,297.7800620618023,3
2026-04-21 18:10:33.187480,banana,199.00816365571856,4
2026-04-22 00:10:33.187480,milk,310.151905325434,5
2026-04-21 23:10:33.187480,tilapia,858.6854790512182,4
2026-04-21 02:10:33.187480,banana,184.5252084008219,5
2026-04-21 09:40:33.187480,milk,536.3315421738284,1
2026-04-22 00:40:33.187480,banana,341.8848204066711,10
2026-04-20 18:10:33.187480,tomato,430.0716790807992,9
2026-04-22 03:10:33.187480,milk,377.8660897200775,9
2026-04-22 12:10:33.187480,tomato,696.9222080925251,10
2026-04-20 21:40:33.187480,tomato,377.7186677362226,6
2026-04-22 00:10:33.187480,tilapia,658.0008027911051,9
2026-04-21 19:40:33.187480,tilapia,636.1718905818398,6
2026-04-21 15:40:33.187480,milk,368.7122091358922,7
2026-04-21 18:40:33.187480,milk,250.7234175809835,2
2026-04-20 19:40:33.187480,banana,174.61414444382672,5
2026-04-21 08:40:33.187480,banana,264.0020217138008,9
2026-04-21 18:40:33.187480,milk,482.52265991228046,6
2026-04-21 05:10:33.187480,tilapia,697.5733456420425,9
2026-04-20 21:40:33.187480,tilapia,703.9277558935585,4
2026-04-22 06:10:33.187480,milk,474.39703078018556,6
2026-04-21 23:40:33.187480,tomato,439.8613126563736,6
2026-04-22 11:40:33.187480,tilapia,966.1245858857285,6
2026-04-21 19:40:33.187480,tilapia,757.0936781597454,1
2026-04-20 14:10:33.187480,tomato,699.3675915228305,8
2026-04-21 13:10:33.187480,tomato,426.58679705517585,8
2026-04-21 04:10:33.187480,tomato,873.7874936519821,8
2026-04-22 13:10:33.187480,milk,372.57767226898045,4
2026-04-21 19:10:33.187480,milk,404.3325393023986,6
2026-04-20 13:40:33.187480,tomato,588.9339453467238,1
2026-04-21 16:10:33.187480,banana,139.0382510924174,5
2026-04-22 10:10:33.187480,banana,217.50519989156982,1
2026-04-20 19:10:33.187480,tomato,727.0346001082163,8
2026-04-22 04:40:33.187480,milk,354.0021235562466,5
2026-04-21 16:40:33.187480,tomato,800.4138040852315,5
2026-04-21 01:40:33.187480,tilapia,700.5369221341864,5
2026-04-20 22:40:33.187480,banana,169.9437699695693,1
2026-04-21 04:10:33.187480,tilapia,929.2959734118335,10
2026-04-20 15:10:33.187480,tilapia,849.5453787717507,3
2026-04-21 04:40:33.187480,tomato,533.2710038106692,6
2026-04-21 15:40:33.187480,banana,154.57658910956428,6
2026-04-21 07:40:33.187480,tomato,631.9203221074149,5
2026-04-21 02:40:33.187480,tomato,375.2992078533785,7
2026-04-20 23:10:33.187480,tomato,440.79822654472883,1
2026-04-22 03:10:33.187480,tomato,690.7391401293339,8
2026-04-21 18:10:33.187480,tilapia,638.8516290157213,1
2026-04-21 15:10:33.187480,tomato,702.7072161883017,7
2026-04-22 02:40:33.187480,tomato,673.7108741268361,4
2026-04-21 16:10:33.187480,tomato,598.5157095979323,4
2026-04-21 10:10:33.187480,banana,190.41816556183758,1
2026-04-22 03:10:33.187480,milk,488.0161608981524,5
2026-04-20 15:10:33.187480,banana,338.36552238244826,6
2026-04-22 09:40:33.187480,milk,482.75428095677046,4
2026-04-21 22:40:33.187480,tilapia,884.6168251079804,2
2026-04-21 21:10:33.187480,banana,286.13751269039005,10
2026-04-22 03:40:33.187480,tomato,457.18231115436106,4
2026-04-21 18:40:33.187480,milk,449.8749193183223,2
2026-04-21 23:40:33.187480,banana,174.77999365949907,9
2026-04-21 13:40:33.187480,banana,335.3121829537333,4
2026-04-21 00:40:33.187480,tomato,885.72532936704,6
2026-04-21 14:40:33.187480,tilapia,897.5396370256854,3
2026-04-21 06:10:33.187480,banana,314.10640217043226,5
2026-04-22 08:40:33.187480,milk,299.80875076055065,9
2026-04-21 16:40:33.187480,tilapia,680.1171158800855,8
2026-04-20 19:10:33.187480,banana,321.90104495234357,1
2026-04-21 01:40:33.187480,tilapia,541.1135647619279,5
2026-04-20 17:40:33.187480,milk,409.1393191411224,1
2026-04-20 17:10:33.187480,milk,528.4728507691177,6
2026-04-21 18:10:33.187480,tilapia,879.6209710087178,4
2026-04-22 10:10:33.187480,tomato,700.4248462218169,10
2026-04-21 10:10:33.187480,tilapia,1066.6428617483912,9
2026-04-21 04:40:33.187480,milk,465.21146147098534,8
2026-04-21 01:10:33.187480,banana,206.8253809782109,5
2026-04-20 18:40:33.187480,tomato,579.7799116983422,6
2026-04-21 06:10:33.187480,tomato,675.803936889507,10
2026-04-20 21:10:33.187480,banana,241.20815326400395,4
2026-04-21 22:10:33.187480,banana,260.95492194401845,3
2026-04-21 21:40:33.187480,tomato,885.7527221050997,1
2026-04-21 03:40:33.187480,tomato,466.8440799772447,2
2026-04-21 03:10:33.187480,tomato,857.0510889717316,1
2026-04-21 18:10:33.187480,tilapia,896.1577871189306,10
2026-04-22 01:10:33.187480,tilapia,830.1053659437364,4
2026-04-20 21:10:33.187480,tilapia,641.521152027018,2
2026-04-22 04:10:33.187480,milk,519.7084533895619,1
2026-04-20 20:10:33.187480,milk,255.0720082152851,6
2026-04-21 09:40:33.187480,tomato,590.1803730656388,9
2026-04-22 03:40:33.187480,milk,372.67252395053094,9
2026-04-20 14:40:33.187480,tilapia,893.4598602831907,7
2026-04-22 09:40:33.187480,milk,266.65274507168294,8
2026-04-21 00:10:33.187480,banana,352.790608827159,8
2026-04-21 06:10:33.187480,tilapia,870.7120730083562,7
2026-04-21 02:10:33.187480,banana,316.38455819510665,8
2026-04-21 21:10:33.187480,milk,307.8485561134107,7
2026-04-22 10:10:33.187480,banana,341.82111496946635,3
2026-04-21 09:10:33.187480,tomato,502.35959760057864,1
2026-04-20 20:10:33.187480,milk,412.1402202540039,6
2026-04-21 09:40:33.187480,milk,459.9439802474337,4
2026-04-21 14:40:33.187480,banana,290.11109914809833,8
2026-04-22 06:40:33.187480,milk,308.91429657112826,1
2026-04-21 13:10:33.187480,tomato,427.8972434151425,7
2026-04-21 22:40:33.187480,tilapia,528.4603730714167,2
2026-04-22 07:40:33.187480,banana,260.8267942445782,6
2026-04-20 19:10:33.187480,banana,341.11820841568704,1
2026-04-22 08:40:33.187480,banana,221.15811083020066,7
2026-04-22 12:10:33.187480,banana,167.26339762239314,9
2026-04-22 04:10:33.187480,milk,287.439156837446,3
2026-04-21 19:10:33.187480,tilapia,663.2877005701075,5
2026-04-21 13:10:33.187480,tomato,597.4656281503017,8
2026-04-20 13:10:33.187480,tilapia,986.2508220203366,3
2026-04-21 06:10:33.187480,milk,295.1033190466991,5
2026-04-21 07:40:33.187480,tilapia,774.7575860119581,3
2026-04-22 07:10:33.187480,tilapia,573.539272459162,5
2026-04-21 18:10:33.187480,milk,369.3975009634131,7
2026-04-22 02:10:33.187480,tilapia,516.760338697869,5
2026-04-21 17:10:33.187480,tilapia,587.6027506405651,4
2026-04-21 00:40:33.187480,tomato,456.792235995488,5
2026-04-22 01:40:33.187480,banana,272.19952710164796,6
2026-04-20 13:10:33.187480,tomato,376.46613843715267,3
2026-04-20 17:10:33.187480,tomato,830.2770537992709,5
2026-04-22 03:40:33.187480,tomato,451.72589430163816,4
2026-04-20 13:40:33.187480,tilapia,757.9353268520671,4
2026-04-20 19:40:33.187480,banana,274.43513148331147,7
2026-04-22 01:10:33.187480,milk,279.61832069686426,10
2026-04-22 03:40:33.187480,tomato,836.3420876931293,3
2026-04-20 13:40:33.187480,banana,310.6935262329746,2
2026-04-21 13:10:33.187480,milk,414.55516625516395,6
2026-04-22 01:40:33.187480,milk,300.81859790955747,2
2026-04-20 18:40:33.187480,tilapia,564.0623277925621,10
2026-04-21 21:40:33.187480,banana,294.9844726034869,1
2026-04-22 08:40:33.187480,banana,292.40225905618183,9
2026-04-22 03:10:33.187480,banana,152.6126544945473,3
2026-04-20 23:10:33.187480,tilapia,1051.9194947410565,5
2026-04-20 23:40:33.187480,banana,303.52069550155187,8
2026-04-20 23:40:33.187480,milk,404.15186054663667,2
2026-04-21 00:10:33.187480,tomato,450.9159674126722,1
2026-04-20 19:10:33.187480,tomato,689.5472535421063,7
2026-04-22 06:40:33.187480,banana,313.67780169519597,10
2026-04-21 03:40:33.187480,tilapia,1028.2951513143532,6
2026-04-20 16:10:33.187480,tomato,411.4239933411744,10
2026-04-21 02:10:33.187480,milk,269.19799553105355,10
2026-04-22 05:10:33.187480,banana,262.3299627705301,1
2026-04-21 10:40:33.187480,tomato,519.2417257995669,5
2026-04-21 16:10:33.187480,tomato,701.6884105349658,10
2026-04-22 00:10:33.187480,banana,258.9242780955648,8
2026-04-22 02:10:33.187480,tilapia,1008.4579885784531,4
2026-04-21 08:10:33.187480,milk,524.7691673715215,10
2026-04-22 13:10:33.187480,tomato,677.7255448804049,2
2026-04-20 18:40:33.187480,milk,303.18570395765846,2
2026-04-21 03:10:33.187480,tomato,765.3778104587252,2
2026-04-22 02:10:33.187480,tomato,417.48804212449204,6
2026-04-21 18:10:33.187480,milk,314.2507221513918,1
2026-04-21 15:40:33.187480,milk,241.39710735292422,7
2026-04-22 04:10:33.187480,tomato,768.1863718545292,9
2026-04-21 07:40:33.187480,milk,364.30887295524195,8
2026-04-22 12:40:33.187480,tilapia,663.6565970244147,2
2026-04-21 03:10:33.187480,tilapia,804.8825331019543,6
2026-04-21 06:10:33.187480,milk,478.50256261563425,1
2026-04-21 22:10:33.187480,tomato,594.3573600784711,9
2026-04-21 15:10:33.187480,tilapia,716.7240043174502,3
2026-04-21 06:10:33.187480,tilapia,500.3477160340953,10
2026-04-22 02:10:33.187480,milk,375.0477241176055,2
2026-04-22 12:40:33.187480,banana,254.78201200538646,2
2026-04-21 13:40:33.187480,tomato,599.090722468022,5
2026-04-22 10:40:33.187480,banana,165.8600393821916,8
2026-04-22 11:10:33.187480,milk,327.4440969421499,8
2026-04-20 18:40:33.187480,milk,325.3761156376503,3
2026-04-21 20:10:33.187480,tilapia,905.4683831012459,10
2026-04-21 15:40:33.187480,tilapia,773.8707726189635,9
2026-04-22 12:10:33.187480,tilapia,841.5053867650664,7
2026-04-20 14:40:33.187480,banana,343.031348169829,5
2026-04-21 02:10:33.187480,milk,363.81829566940775,10
2026-04-22 00:40:33.187480,tomato,693.3126680352252,5
2026-04-21 18:40:33.187480,tomato,383.8372428415005,1
2026-04-21 15:10:33.187480,tomato,561.8416348415471,9
2026-04-20 18:40:33.187480,milk,498.80204341737453,4
2026-04-22 05:40:33.187480,milk,446.81543770023904,7
2026-04-21 07:10:33.187480,banana,144.09253989606722,10
2026-04-21 02:40:33.187480,banana,296.2853649442328,6
2026-04-22 04:10:33.187480,banana,354.7683508575516,2
2026-04-22 06:40:33.187480,tomato,765.0518876438091,9
2026-04-21 07:10:33.187480,tomato,521.6878440216,2
2026-04-21 03:10:33.187480,banana,263.6037299184338,1
2026-04-21 13:10:33.187480,banana,249.24524260489144,1
2026-04-21 03:10:33.187480,milk,319.38169720979846,2
2026-04-21 05:10:33.187480,tomato,671.0604330051005,9
2026-04-20 23:40:33.187480,banana,312.6610668117992,7
2026-04-21 00:40:33.187480,tomato,788.1739112298574,10
2026-04-20 17:10:33.187480,tilapia,732.7358929047591,3
2026-04-21 15:40:33.187480,tomato,380.57173864329616,2
2026-04-21 11:40:33.187480,tilapia,763.6729013227646,6
2026-04-21 18:40:33.187480,milk,493.6496660091333,3
2026-04-21 15:40:33.187480,tilapia,1052.2824477546553,7
2026-04-22 08:10:33.187480,milk,418.7390751205496,8
2026-04-20 20:40:33.187480,tilapia,1061.3400105894084,7
2026-04-20 15:40:33.187480,tilapia,701.9942197167935,9
2026-04-22 04:40:33.187480,tomato,408.99898295962834,3
2026-04-22 08:40:33.187480,milk,488.3761238672116,10
2026-04-21 08:40:33.187480,milk,341.32955678313255,3
2026-04-22 08:40:33.187480,banana,254.192007370998,4
2026-04-20 20:10:33.187480,tilapia,529.4702647115289,8
2026-04-22 13:10:33.187480,banana,331.76494552510354,2
2026-04-20 19:10:33.187480,tomato,890.2880246226514,3
2026-04-21 11:40:33.187480,tomato,769.9012540329679,7
2026-04-21 06:40:33.187480,milk,363.8452775206697,7
2026-04-22 04:40:33.187480,tomato,887.7741474043675,4
2026-04-22 10:10:33.187480,milk,512.3689877597113,6
2026-04-22 01:40:33.187480,banana,219.96721080476664,3
2026-04-22 09:40:33.187480,milk,444.2904713002839,6
2026-04-20 13:40:33.187480,banana,198.5957209470554,8
2026-04-22 12:40:33.187480,tomato,488.0851084388969,7
2026-04-21 13:10:33.187480,milk,390.02206731267165,4
2026-04-20 22:10:33.187480,banana,162.9285589698993,4
2026-04-22 05:10:33.187480,milk,277.00523562529287,6
2026-04-22 02:10:33.187480,milk,529.0584859657181,10
2026-04-21 15:10:33.187480,banana,275.75933707168235,2
2026-04-22 04:40:33.187480,banana,147.6726459848694,9
2026-04-22 05:10:33.187480,milk,361.2668599743951,1
2026-04-22 08:10:33.187480,tomato,459.19863532853077,6
2026-04-21 10:10:33.187480,tomato,684.6886277332446,5
2026-04-22 05:10:33.187480,tomato,560.2917981696171,2
2026-04-21 19:40:33.187480,tilapia,648.7167620831569,8
2026-04-21 05:40:33.187480,tilapia,1056.4819086428288,7
2026-04-21 18:40:33.187480,tilapia,612.9603113079855,4
2026-04-21 17:10:33.187480,milk,302.91625650969644,4
2026-04-21 03:40:33.187480,tilapia,878.9844998266544,5
2026-04-22 08:10:33.187480,milk,245.2070157912656,2
2026-04-22 12:10:33.187480,milk,256.3965957523571,3
2026-04-20 16:10:33.187480,banana,300.0826694979903,4
2026-04-21 08:40:33.187480,tomato,421.5735964336406,3
2026-04-21 15:10:33.187480,milk,304.04912064144384,9
2026-04-21 14:10:33.187480,tilapia,626.6306847318964,6
2026-04-21 04:40:33.187480,tilapia,505.15600881096145,4
2026-04-20 17:10:33.187480,milk,383.2616116753018,6
2026-04-21 09:10:33.187480,tilapia,846.4790681659233,4
2026-04-20 16:40:33.187480,tomato,546.173718471993,10
2026-04-22 13:10:33.187480,tomato,795.0282129348483,2
2026-04-21 21:10:33.187480,tomato,406.7793958783113,10
2026-04-21 03:40:33.187480,banana,145.37591626087482,5
2026-04-21 16:40:33.187480,tilapia,660.2018635702095,7
2026-04-22 09:10:33.187480,tomato,726.3064747373,2
2026-04-22 09:10:33.187480,tomato,500.7444367397709,4
2026-04-21 12:40:33.187480,banana,153.28764290425755,1
2026-04-22 07:40:33.187480,tomato,709.685346186322,9
2026-04-21 07:10:33.187480,tilapia,1045.063096623221,4
2026-04-20 23:10:33.187480,tomato,592.6922422726932,5
2026-04-21 10:10:33.187480,milk,402.4907095638966,2
2026-04-22 10:40:33.187480,tomato,411.872780114378,3
2026-04-22 01:10:33.187480,tilapia,636.1382968995139,6
2026-04-21 21:10:33.187480,tomato,653.5917135614479,1
2026-04-20 14:10:33.187480,tomato,646.4869167886202,9
2026-04-20 23:40:33.187480,tomato,510.0837226938927,9
2026-04-21 12:40:33.187480,banana,197.15940456555302,6
2026-04-21 05:40:33.187480,tomato,401.28234142269207,5
2026-04-21 03:10:33.187480,milk,434.7104105054037,5
2026-04-22 13:10:33.187480,milk,302.7919924912256,10
2026-04-22 03:40:33.187480,banana,321.8976342884275,8
2026-04-22 02:10:33.187480,banana,256.63284205675086,7
2026-04-22 01:40:33.187480,tilapia,598.5810643419825,8
2026-04-20 22:10:33.187480,tomato,404.8463326073586,4
2026-04-21 19:40:33.187480,banana,320.12817771288275,2
2026-04-22 08:40:33.187480,banana,147.29253706900604,8
2026-04-21 17:40:33.187480,tomato,740.618197595662,10
2026-04-21 01:40:33.187480,tomato,575.3113167730547,4
2026-04-21 16:10:33.187480,tilapia,615.0535427674283,3
2026-04-21 17:40:33.187480,tomato,747.9418905429483,5
2026-04-21 02:10:33.187480,banana,330.13687479172984,9
2026-04-22 12:40:33.187480,tomato,693.0174289420916,4
2026-04-21 01:10:33.187480,banana,151.48576252792657,5
2026-04-20 21:40:33.187480,milk,294.3481802667308,4
2026-04-22 09:40:33.187480,tomato,898.4448646101706,9
2026-04-22 10:40:33.187480,banana,335.7222268913639,8
2026-04-22 10:40:33.187480,tilapia,519.4331773999985,3
2026-04-20 18:10:33.187480,tilapia,802.2074531505284,10
2026-04-22 01:40:33.187480,banana,239.17825053674443,8
2026-04-22 09:10:33.187480,banana,148.63945490652645,6
2026-04-20 16:40:33.187480,milk,288.51454538220327,2
2026-04-22 05:10:33.187480,milk,386.1519416149944,5
2026-04-21 07:10:33.187480,banana,341.2410292265349,6
2026-04-21 09:10:33.187480,tomato,824.9240436110023,2
2026-04-21 15:10:33.187480,tomato,815.6803206559996,9
2026-04-21 03:40:33.187480,tilapia,709.8721124262494,7
2026-04-22 12:10:33.187480,banana,302.5293586999328,4
2026-04-20 22:40:33.187480,tomato,737.8575833680322,1
2026-04-20 20:40:33.187480,banana,229.3929793899913,8
2026-04-21 19:10:33.187480,tomato,472.4255398424731,8
2026-04-21 03:40:33.187480,banana,149.269336673483,3
2026-04-21 23:40:33.187480,banana,268.1790026033836,8
2026-04-22 05:40:33.187480,tilapia,971.2338689241642,3
2026-04-21 20:40:33.187480,tilapia,881.3090797102916,7
2026-04-21 06:40:33.187480,tilapia,932.9381338072405,4
2026-04-22 07:10:33.187480,tomato,400.93291611268637,6
2026-04-21 20:10:33.187480,tomato,771.0053488455353,9
2026-04-21 22:40:33.187480,tilapia,1054.9501779853963,10
2026-04-21 00:40:33.187480,tomato,563.1876779468001,9
2026-04-22 09:40:33.187480,banana,196.05307567008992,6
2026-04-22 04:10:33.187480,banana,123.53839464407176,8
2026-04-22 06:10:33.187480,milk,454.70292304138434,6
2026-04-20 17:10:33.187480,milk,492.77921741780847,1
2026-04-21 18:10:33.187480,banana,158.6421714392598,4
2026-04-22 02:10:33.187480,tomato,715.7786092642381,9
2026-04-21 18:40:33.187480,banana,212.36126474528476,9
2026-04-21 12:40:33.187480,banana,355.9974437743757,5
2026-04-21 20:40:33.187480,tilapia,665.4578554071893,1
2026-04-21 12:40:33.187480,milk,337.997474563339,1
2026-04-21 02:10:33.187480,tilapia,876.9827627237735,3
2026-04-20 23:40:33.187480,banana,155.00115472277125,3
2026-04-21 11:10:33.187480,milk,513.2313356521126,8
2026-04-22 03:10:33.187480,banana,353.373463937012,6
2026-04-21 16:40:33.187480,milk,277.6328955763039,8
2026-04-21 08:10:33.187480,milk,309.0455760497497,3
2026-04-21 07:40:33.187480,milk,512.333469605722,9
2026-04-22 03:10:33.187480,tilapia,884.290405414169,10
2026-04-22 00:10:33.187480,milk,499.33622579597466,9
2026-04-21 23:40:33.187480,tilapia,861.10966655691,5
2026-04-20 20:40:33.187480,tomato,837.0342264010361,10
2026-04-21 00:10:33.187480,milk,253.41207305580804,4
2026-04-21 17:40:33.187480,banana,304.8194265728389,7
2026-04-21 15:40:33.187480,milk,524.9514055044513,5
2026-04-21 06:10:33.187480,banana,183.58517790988208,5
2026-04-21 15:10:33.187480,tomato,653.9359323776514,9
2026-04-22 10:10:33.187480,tilapia,916.9779878716174,2
2026-04-22 11:40:33.187480,tomato,486.36234529105855,5
2026-04-21 16:40:33.187480,tilapia,734.9592802729201,6
2026-04-20 16:10:33.187480,banana,310.5528184573023,7
2026-04-22 00:40:33.187480,milk,471.0759015892155,9
2026-04-20 23:40:33.187480,tilapia,960.770536254376,3
2026-04-21 18:10:33.187480,banana,284.63971695958713,6
2026-04-21 06:10:33.187480,milk,385.73487581011847,3
2026-04-21 09:40:33.187480,banana,262.6304918098947,8
2026-04-22 07:10:33.187480,banana,287.21008038610375,2
2026-04-21 02:40:33.187480,banana,274.2901802134242,2
2026-04-21 05:10:33.187480,milk,251.74421164918837,2
2026-04-21 11:10:33.187480,tilapia,976.6471087040936,3
2026-04-21 13:10:33.187480,tilapia,485.72888515170314,1
2026-04-22 05:40:33.187480,tilapia,1012.8313280776476,2
2026-04-21 07:10:33.187480,banana,149.42849220296534,2
2026-04-21 09:10:33.187480,tomato,510.81081776206577,1
2026-04-21 11:40:33.187480,tomato,422.33679265066604,4
2026-04-22 09:10:33.187480,tomato,895.39124360644,7
2026-04-22 04:40:33.187480,banana,169.23204921453134,1
2026-04-21 19:10:33.187480,milk,491.77891186442395,8
2026-04-22 11:10:33.187480,milk,494.1860111662806,10
2026-04-21 07:10:33.187480,tilapia,763.3675722510799,4
2026-04-22 03:10:33.187480,tilapia,576.3686394842523,3
2026-04-21 16:10:33.187480,milk,435.99736742454513,4
2026-04-20 16:10:33.187480,tilapia,1001.9423575196872,3
2026-04-22 06:10:33.187480,tomato,616.5840125041487,8
2026-04-20 16:10:33.187480,tomato,544.0775215605343,5
2026-04-22 12:10:33.187480,milk,487.75039706012774,9
2026-04-21 22:40:33.187480,banana,241.2584103755308,5
2026-04-21 03:10:33.187480,tilapia,1033.5411531310642,5
2026-04-22 05:40:33.187480,milk,448.7923468973279,6
2026-04-22 00:40:33.187480,milk,480.6778209542008,2
2026-04-22 12:40:33.187480,tilapia,650.1894119850537,2
2026-04-20 20:40:33.187480,milk,261.3956011871513,2
2026-04-21 09:40:33.187480,milk,277.2771270198976,9
2026-04-20 14:10:33.187480,milk,250.56089991346548,3
2026-04-21 23:10:33.187480,tilapia,764.0832213170579,7
2026-04-21 18:10:33.187480,banana,329.84587585504084,3
2026-04-20 19:10:33.187480,tilapia,745.8614158016098,10
2026-04-22 01:10:33.187480,banana,195.04711833471498,2
2026-04-22 11:10:33.187480,tomato,879.9934210241952,5
2026-04-21 04:40:33.187480,tomato,521.4315748508207,7
2026-04-22 08:10:33.187480,milk,424.68624149201196,2
2026-04-20 22:40:33.187480,milk,383.3019692560947,10
2026-04-22 10:10:33.187480,banana,131.74815064713405,6
2026-04-20 13:10:33.187480,banana,163.0106477679313,4
2026-04-22 12:40:33.187480,milk,328.63840858882634,9
2026-04-22 02:10:33.187480,tilapia,731.6155332559489,4
2026-04-21 23:10:33.187480,milk,245.62999694861324,9
2026-04-21 07:40:33.187480,tilapia,554.6008978489236,1
2026-04-21 09:40:33.187480,tilapia,1042.3178330924638,7
2026-04-20 18:40:33.187480,tomato,813.8630277638028,7
2026-04-21 19:10:33.187480,milk,410.8841284601841,6
2026-04-22 12:40:33.187480,tilapia,657.9909851526638,1
2026-04-21 02:10:33.187480,tilapia,921.4362158211072,6
2026-04-21 16:40:33.187480,tilapia,1058.496881793251,7
2026-04-21 05:10:33.187480,tomato,461.12318535729315,5
2026-04-22 06:10:33.187480,milk,482.0807363041904,9
2026-04-22 00:40:33.187480,banana,219.87325323243294,8
2026-04-22 08:40:33.187480,tomato,386.43419853829346,10
2026-04-22 05:10:33.187480,milk,276.3055483155831,10
2026-04-22 11:10:33.187480,banana,294.83579703214025,3
2026-04-20 23:10:33.187480,tomato,489.62193204812365,4
2026-04-21 15:10:33.187480,milk,340.366908354041,4
2026-04-21 14:40:33.187480,banana,222.78399133686196,5
2026-04-21 03:40:33.187480,tilapia,546.6438818265774,8
2026-04-21 13:10:33.187480,milk,417.3365062443879,9
2026-04-21 14:10:33.187480,tilapia,809.9295133075202,4
2026-04-21 11:40:33.187480,tomato,737.6947503493425,10
2026-04-21 12:40:33.187480,tilapia,957.3191438835725,3
2026-04-22 13:10:33.187480,tomato,896.4600160696742,3
2026-04-22 11:40:33.187480,banana,220.8094624467574,10
2026-04-20 15:40:33.187480,banana,256.15238142840826,9
2026-04-21 18:40:33.187480,tomato,490.950032070773,10
2026-04-21 06:10:33.187480,milk,340.2674670972772,10
2026-04-20 13:10:33.187480,milk,493.7123447444937,9
2026-04-21 03:40:33.187480,banana,155.15444023126867,7
2026-04-21 07:10:33.187480,tilapia,1010.6446485160628,6
2026-04-20 22:40:33.187480,milk,335.758914133722,8
2026-04-21 22:40:33.187480,tilapia,787.7188384517012,10
2026-04-20 20:40:33.187480,banana,308.4693765356275,7
2026-04-21 12:40:33.187480,tomato,430.3648292977142,10
2026-04-21 19:40:33.187480,tilapia,591.809227836069,4
2026-04-22 08:40:33.187480,tilapia,590.6897646710511,7
2026-04-21 10:40:33.187480,tomato,879.4137944498835,10
2026-04-21 11:10:33.187480,milk,407.09414779255644,2
2026-04-22 10:40:33.187480,banana,358.8674133611145,3
2026-04-21 05:40:33.187480,milk,467.320860391633,9
2026-04-20 13:10:33.187480,tilapia,679.9636363149446,3
2026-04-21 18:40:33.187480,banana,295.72353851124694,2
2026-04-20 19:10:33.187480,tomato,856.102211381613,4
2026-04-22 13:10:33.187480,milk,244.91388661825596,3
2026-04-20 17:10:33.187480,tilapia,1067.1803349264628,8
2026-04-20 23:40:33.187480,tilapia,1025.249800498265,2
2026-04-22 13:10:33.187480,tomato,618.7433518712105,4
2026-04-20 16:40:33.187480,banana,194.95377397771284,7
2026-04-21 09:10:33.187480,milk,340.58711640550325,3
2026-04-21 00:10:33.187480,tilapia,937.8904227911571,2
2026-04-21 02:10:33.187480,banana,206.39513598153397,4
2026-04-21 08:40:33.187480,tilapia,884.442194114767,10
2026-04-20 19:10:33.187480,tilapia,522.1883453532587,10
2026-04-20 17:10:33.187480,milk,412.90223332664885,1
2026-04-21 17:10:33.187480,banana,135.46639481885225,6
2026-04-20 16:10:33.187480,milk,494.5875674597613,2
2026-04-20 20:10:33.187480,tilapia,733.5020258892213,10
2026-04-20 17:10:33.187480,tilapia,635.4609836701503,7
2026-04-20 22:40:33.187480,milk,467.65765988301075,6
2026-04-22 00:40:33.187480,milk,461.86981624325375,10
2026-04-20 22:10:33.187480,tomato,645.9915819104857,10
2026-04-20 15:40:33.187480,banana,292.4686618198259,6
2026-04-21 15:10:33.187480,banana,121.54495983342646,5
2026-04-22 03:40:33.187480,banana,158.31143561008847,8
2026-04-21 10:40:33.187480,tomato,622.1295262121153,2
2026-04-22 13:10:33.187480,banana,321.9761003321892,5
2026-04-20 16:40:33.187480,tilapia,581.238437369677,3
2026-04-20 18:40:33.187480,banana,351.36486674453573,2
2026-04-22 01:40:33.187480,tilapia,962.5302257863932,1
2026-04-21 14:40:33.187480,tilapia,986.484614010436,1
2026-04-21 23:40:33.187480,tomato,863.8345555127555,6
2026-04-21 13:10:33.187480,tomato,587.8591167590378,9
2026-04-20 19:10:33.187480,tilapia,653.3937961431969,2
2026-04-21 18:40:33.187480,tomato,669.8227476581687,1
2026-04-21 10:10:33.187480,tilapia,1012.4410531036945,4
2026-04-21 21:10:33.187480,tilapia,580.9624404899916,10
2026-04-21 09:40:33.187480,banana,134.8738185100016,5
2026-04-20 14:40:33.187480,milk,470.0946177728691,2
2026-04-21 05:40:33.187480,tomato,575.4715276756817,3
2026-04-21 12:10:33.187480,tilapia,583.9138274574408,8
2026-04-21 18:10:33.187480,tilapia,673.9135854844219,7
2026-04-21 16:10:33.187480,milk,496.90531240420836,4
2026-04-22 07:40:33.187480,tilapia,632.4055294218948,5
2026-04-21 16:40:33.187480,milk,522.0477653994133,5
2026-04-21 12:10:33.187480,banana,127.14336738819112,9
2026-04-20 19:40:33.187480,tilapia,1044.7790000029797,5
2026-04-20 23:40:33.187480,tilapia,821.2559647779351,7
2026-04-22 04:10:33.187480,milk,325.45954764053454,6
2026-04-20 18:10:33.187480,milk,452.50941850159,8
2026-04-22 10:10:33.187480,tomato,460.37751292768604,6
2026-04-21 13:10:33.187480,tomato,396.220069513565,4
2026-04-22 08:10:33.187480,tilapia,876.5604115313375,3
2026-04-21 11:40:33.187480,tilapia,702.981133106591,3
2026-04-21 14:40:33.187480,banana,232.69920277728946,6
2026-04-20 23:10:33.187480,banana,303.15773863310693,6
2026-04-21 06:40:33.187480,tomato,661.0535569434517,5
2026-04-21 10:10:33.187480,tilapia,655.7747179084815,7
2026-04-20 15:40:33.187480,tilapia,677.2282211399304,10
2026-04-21 00:40:33.187480,tomato,464.12891595479186,9
2026-04-20 18:10:33.187480,milk,536.5056029873604,2
2026-04-21 19:40:33.187480,banana,278.0735920572411,10
2026-04-20 18:40:33.187480,banana,185.52562008384882,2
2026-04-20 22:40:33.187480,tilapia,867.3482989851966,4
2026-04-21 17:40:33.187480,milk,440.9784058569669,5
2026-04-22 12:40:33.187480,tilapia,1071.9855623895917,7
2026-04-21 23:10:33.187480,milk,439.38761116971705,2
2026-04-21 20:40:33.187480,milk,299.36244354674875,8
2026-04-20 23:10:33.187480,banana,288.7463735074832,9
2026-04-20 14:10:33.187480,banana,280.39530318207653,5
2026-04-22 07:40:33.187480,banana,282.6451992665129,3
2026-04-20 20:40:33.187480,tilapia,514.4749923994074,1
2026-04-22 05:10:33.187480,tomato,708.5809924248094,2
2026-04-20 17:40:33.187480,tomato,469.07852252404257,2
2026-04-21 03:10:33.187480,banana,325.90869734844443,1
2026-04-20 23:40:33.187480,tomato,702.570995231587,3
2026-04-20 23:10:33.187480,tilapia,485.8466583745331,6
2026-04-22 09:10:33.187480,milk,299.66502474838273,4
2026-04-21 13:40:33.187480,milk,520.3140121239543,3
2026-04-21 22:40:33.187480,milk,309.89337103452675,3
2026-04-22 07:10:33.187480,tomato,576.049294792064,7
2026-04-21 18:40:33.187480,tomato,413.3219022705033,5
2026-04-21 09:40:33.187480,tomato,860.8094502883754,9
2026-04-21 11:10:33.187480,tilapia,777.2876253762146,1
2026-04-21 20:10:33.187480,tilapia,814.771642693599,7
2026-04-22 04:10:33.187480,tilapia,855.3810990972886,8
2026-04-21 03:40:33.187480,tilapia,683.6194824238057,6
2026-04-21 19:40:33.187480,tomato,829.1415718825785,9
2026-04-22 01:40:33.187480,milk,456.53373316763555,10
2026-04-22 03:40:33.187480,tomato,673.1105044253115,5
2026-04-20 16:10:33.187480,banana,279.69873051473445,9
2026-04-21 21:40:33.187480,tomato,694.153370087351,6
2026-04-20 15:10:33.187480,milk,536.6026989534881,3
2026-04-21 01:40:33.187480,milk,369.41926206027347,7
2026-04-20 23:10:33.187480,tilapia,677.5132710492383,2
2026-04-21 21:10:33.187480,banana,343.3118330598304,3
2026-04-21 20:10:33.187480,banana,220.12142012717248,9
2026-04-20 20:40:33.187480,tomato,519.4969817797461,8
2026-04-21 06:10:33.187480,tilapia,651.2590522218286,5
2026-04-22 02:40:33.187480,tilapia,789.5097378054327,6
2026-04-22 00:40:33.187480,banana,233.12279549150614,7
2026-04-22 01:10:33.187480,banana,200.73383934512032,7
2026-04-21 20:10:33.187480,tilapia,849.734138982282,3
2026-04-21 15:40:33.187480,tilapia,745.8707054752738,9
2026-04-21 10:10:33.187480,milk,353.0541701917339,8
2026-04-21 14:40:33.187480,milk,406.0325875748201,9
2026-04-22 01:40:33.187480,banana,201.15004388515308,2
2026-04-21 21:40:33.187480,tomato,656.4438746839155,9
2026-04-22 08:40:33.187480,tilapia,880.2842506870825,6
2026-04-20 16:40:33.187480,banana,249.85149726913497,8
2026-04-21 12:10:33.187480,tilapia,892.5881347985217,4
2026-04-21 04:10:33.187480,banana,223.0250272526411,10
2026-04-21 07:40:33.187480,tilapia,783.3488725065326,5
2026-04-22 01:40:33.187480,tomato,814.056475208346,10
2026-04-22 10:10:33.187480,milk,425.78774952649997,5
2026-04-20 15:40:33.187480,tilapia,880.0513939828196,1
2026-04-22 00:10:33.187480,tilapia,1032.9444589225886,5
2026-04-21 03:40:33.187480,banana,218.58979481610544,1
2026-04-21 15:40:33.187480,tomato,576.0551894756497,9
2026-04-20 20:40:33.187480,tomato,464.8186213458043,6
2026-04-21 16:10:33.187480,milk,433.143024246486,5
2026-04-20 14:10:33.187480,tomato,845.5212880126728,3
2026-04-21 17:40:33.187480,banana,323.09031293864643,7
2026-04-22 04:40:33.187480,tomato,659.9524480609871,1
2026-04-21 18:10:33.187480,tomato,753.8120581256519,8
2026-04-21 14:40:33.187480,tilapia,556.4386394249254,9
2026-04-22 04:40:33.187480,tomato,743.3578321578323,1
2026-04-21 22:10:33.187480,tilapia,810.4440022784441,10
2026-04-21 22:40:33.187480,tilapia,662.2947664912999,7
2026-04-22 13:10:33.187480,tilapia,998.7327110056281,2
2026-04-21 11:10:33.187480,banana,338.3651666587618,2
2026-04-21 07:10:33.187480,milk,260.92512263713843,7
2026-04-21 16:40:33.187480,tomato,702.5255900172899,10
2026-04-20 16:10:33.187480,tilapia,569.3930746062682,1
2026-04-21 17:40:33.187480,banana,293.6699322719356,7
2026-04-20 20:10:33.187480,milk,412.1929070783241,7
2026-04-21 20:10:33.187480,milk,343.2127975257927,5
2026-04-21 05:40:33.187480,banana,238.42383396582414,10
2026-04-21 15:10:33.187480,banana,198.75512790596068,1
2026-04-22 02:10:33.187480,milk,271.57065844885767,7
2026-04-21 16:40:33.187480,milk,301.63076929080415,3
2026-04-21 04:40:33.187480,banana,326.6152545210716,3
2026-04-22 00:10:33.187480,tomato,439.8668155356636,8
2026-04-22 04:40:33.187480,tilapia,794.0440959240091,5
2026-04-20 17:10:33.187480,tomato,881.3041041658565,7
2026-04-20 22:10:33.187480,banana,141.0173612268381,8
2026-04-22 07:10:33.187480,tilapia,748.1317885480403,9
2026-04-21 18:10:33.187480,tilapia,808.4246121345373,2
2026-04-22 07:40:33.187480,banana,252.4746818778804,2
2026-04-22 10:40:33.187480,milk,532.5560700069918,8
2026-04-21 01:40:33.187480,tomato,849.8375951446691,4
2026-04-20 18:40:33.187480,tilapia,636.5695963528664,9
2026-04-21 06:40:33.187480,banana,305.3823450397129,3
2026-04-21 04:40:33.187480,milk,520.6773812659608,3
2026-04-22 08:40:33.187480,banana,342.4632790772058,10
2026-04-20 13:40:33.187480,banana,345.5257818703065,8
2026-04-21 02:10:33.187480,tilapia,593.5840526814186,1
2026-04-21 02:40:33.187480,milk,313.4916735996985,9
2026-04-22 07:10:33.187480,tomato,504.5934107711389,4
2026-04-22 01:10:33.187480,tomato,415.00948982292175,6
2026-04-21 12:10:33.187480,tilapia,501.24232579049885,2
2026-04-21 16:10:33.187480,milk,335.9805576929626,5
2026-04-21 21:10:33.187480,banana,120.10246589118859,1
2026-04-21 18:40:33.187480,tomato,450.94985374767936,5
2026-04-21 15:10:33.187480,tomato,538.0159041750012,10
2026-04-22 13:10:33.187480,tilapia,512.1061566671366,10
2026-04-21 22:10:33.187480,tilapia,882.0623433074489,7
2026-04-21 02:10:33.187480,tilapia,570.2798093382576,1
2026-04-20 13:40:33.187480,tilapia,884.8720925638665,3
2026-04-21 08:10:33.187480,tilapia,595.07748489405,6
2026-04-22 09:40:33.187480,milk,463.7878555687359,8
2026-04-22 12:10:33.187480,tomato,882.3469869480643,5
2026-04-21 15:40:33.187480,banana,189.33229830336148,10
2026-04-21 21:40:33.187480,banana,193.25449810323016,6
2026-04-20 15:10:33.187480,banana,244.60614539471533,1
2026-04-20 17:10:33.187480,tilapia,1064.7910601006029,1
2026-04-20 14:10:33.187480,tomato,524.4120312698001,6
2026-04-21 17:40:33.187480,milk,299.5758654158666,7
2026-04-21 04:40:33.187480,milk,288.63823015559996,7
2026-04-21 00:40:33.187480,tomato,831.2299507413665,2
2026-04-21 07:40:33.187480,milk,510.1720630826967,8
2026-04-21 00:10:33.187480,tilapia,671.9468108915601,3
2026-04-21 11:10:33.187480,tilapia,544.3903508854207,4
2026-04-21 15:40:33.187480,banana,225.8959953666198,5
2026-04-21 16:40:33.187480,milk,383.7778759443364,10
2026-04-22 08:40:33.187480,tomato,476.11935855114825,7
2026-04-20 19:40:33.187480,tilapia,606.2850602939266,2
2026-04-20 15:10:33.187480,milk,465.8574200446559,2
2026-04-21 13:40:33.187480,tomato,884.4144234799973,10
2026-04-21 15:40:33.187480,tomato,457.28328059480793,9
2026-04-21 06:10:33.187480,tilapia,910.2211745612209,3
2026-04-21 13:10:33.187480,milk,266.53898539407425,8
2026-04-21 04:10:33.187480,tilapia,750.1734334862356,1
2026-04-22 07:40:33.187480,tomato,437.5898961830922,1
2026-04-21 00:10:33.187480,milk,482.4475994500737,8
2026-04-22 08:10:33.187480,tilapia,536.1438934191369,8
2026-04-20 19:10:33.187480,tilapia,1051.665658462607,10
2026-04-20 23:40:33.187480,tilapia,570.8629539103908,9
2026-04-21 15:40:33.187480,banana,133.338496076309,1
2026-04-21 07:10:33.187480,banana,289.40701916116814,10
2026-04-21 14:10:33.187480,tilapia,818.6892083828379,8
2026-04-21 14:10:33.187480,banana,175.6397013131912,3
2026-04-21 16:10:33.187480,tomato,725.1275769214776,1
2026-04-22 01:10:33.187480,banana,192.59614458064868,7
2026-04-20 21:40:33.187480,tomato,695.6919576498876,10
2026-04-20 19:10:33.187480,banana,180.80440825428326,2
2026-04-20 22:10:33.187480,banana,320.89494381163877,10
2026-04-22 12:10:33.187480,tomato,398.4627380601891,6
2026-04-21 23:10:33.187480,banana,295.50568522481126,1
2026-04-21 22:10:33.187480,milk,362.669684384468,1
2026-04-21 12:40:33.187480,milk,386.3485704916118,10
2026-04-21 22:40:33.187480,tomato,647.0861326883553,3
2026-04-20 16:10:33.187480,tilapia,1003.1528094954572,2
2026-04-22 08:10:33.187480,tomato,538.2139952789215,9
2026-04-21 12:10:33.187480,banana,234.39741028272334,8
2026-04-22 00:10:33.187480,milk,527.407436538625,7
2026-04-22 12:40:33.187480,milk,339.09308720653064,6
2026-04-22 03:40:33.187480,tomato,498.27343357695565,3
2026-04-21 06:40:33.187480,tilapia,641.874013229704,9
2026-04-21 11:40:33.187480,milk,506.5234610512181,8
2026-04-20 18:10:33.187480,tilapia,680.7152450099344,10
2026-04-20 23:40:33.187480,tilapia,952.0561695789618,8
2026-04-20 20:10:33.187480,tomato,452.82855271830255,8
2026-04-22 00:40:33.187480,tilapia,766.0777479549645,5
2026-04-22 12:10:33.187480,banana,233.45599002427372,7
2026-04-21 22:10:33.187480,tomato,764.5575752748339,8
2026-04-21 00:40:33.187480,banana,217.2992115125454,4
2026-04-21 13:10:33.187480,milk,536.2515948264274,7
2026-04-20 23:40:33.187480,milk,348.7197012182617,8
2026-04-20 13:10:33.187480,tilapia,646.7058870593034,9
2026-04-21 04:40:33.187480,tomato,649.3072415535364,2
2026-04-22 06:40:33.187480,milk,315.7117164668623,2
2026-04-21 16:10:33.187480,banana,274.4805310784778,2
2026-04-21 17:40:33.187480,banana,122.4513902524751,9
2026-04-21 12:40:33.187480,milk,528.2758756099794,10
2026-04-22 05:10:33.187480,tilapia,1071.3776743461071,7
2026-04-22 05:10:33.187480,banana,332.8026164636834,9
2026-04-20 19:10:33.187480,banana,150.0374335529161,7
2026-04-20 14:10:33.187480,tilapia,616.7553386024372,6
2026-04-21 00:40:33.187480,milk,357.9265560972544,7
2026-04-22 11:40:33.187480,milk,345.5512616925199,3
2026-04-21 14:10:33.187480,milk,316.20649583581815,6
2026-04-20 16:40:33.187480,banana,120.28616617131712,4
2026-04-20 14:10:33.187480,tilapia,860.8538740884823,7
2026-04-21 19:10:33.187480,tomato,725.485690120614,10
2026-04-22 10:40:33.187480,banana,344.9209384655578,6
2026-04-20 18:40:33.187480,milk,404.5684033121033,2
2026-04-22 03:10:33.187480,milk,276.9607963927369,8
2026-04-22 02:10:33.187480,tilapia,622.8909615484542,8
2026-04-21 22:10:33.187480,tomato,577.1214501325055,2
2026-04-21 01:40:33.187480,tilapia,750.2837896047947,1
2026-04-21 12:40:33.187480,tomato,861.9478487444214,2
2026-04-22 04:40:33.187480,banana,126.40190774639181,9
2026-04-22 12:40:33.187480,milk,503.02549813211016,8
2026-04-21 22:10:33.187480,milk,497.57950625470085,8
2026-04-20 20:40:33.187480,tilapia,679.3321967552796,3
2026-04-22 02:40:33.187480,tilapia,673.6547680023714,7
2026-04-22 00:40:33.187480,tomato,392.98847828336994,10
2026-04-22 01:10:33.187480,banana,136.56204649015027,2
2026-04-21 11:40:33.187480,banana,240.44665601653048,1
2026-04-20 23:10:33.187480,tomato,639.0581245571984,6
2026-04-20 22:10:33.187480,banana,136.02468024629394,4
2026-04-20 20:40:33.187480,tilapia,1047.2499007114125,9
2026-04-20 14:10:33.187480,tomato,792.5286774506865,1
2026-04-20 14:40:33.187480,tomato,782.925778451548,6
2026-04-21 21:40:33.187480,banana,236.52858476742477,9
2026-04-21 08:10:33.187480,tomato,515.4728113415339,8
2026-04-21 03:40:33.187480,tilapia,861.7753569273248,6
2026-04-20 19:10:33.187480,milk,468.98837547951246,9
2026-04-21 04:40:33.187480,tomato,742.4769583949919,6
2026-04-20 18:10:33.187480,tomato,776.3711300708637,2
2026-04-20 13:40:33.187480,banana,292.1787165320723,10
2026-04-20 21:40:33.187480,tilapia,527.1013757551485,1
2026-04-22 01:40:33.187480,banana,236.4389075862706,10
2026-04-22 00:40:33.187480,tilapia,983.4590992465173,7
2026-04-21 04:40:33.187480,tomato,671.4521719497837,4
2026-04-22 03:10:33.187480,tomato,843.1586682113,8
2026-04-20 18:40:33.187480,tomato,633.893402269967,2
2026-04-20 17:10:33.187480,milk,526.2415399473623,3
2026-04-21 11:10:33.187480,tomato,766.4135524586015,7
2026-04-21 05:40:33.187480,tomato,707.3896070722333,1
2026-04-22 06:10:33.187480,tomato,698.8790351855708,7
2026-04-21 13:40:33.187480,milk,296.7219162528108,7
2026-04-21 00:10:33.187480,milk,250.0685171371695,6
2026-04-21 15:10:33.187480,tomato,447.43454484158826,2
2026-04-22 03:40:33.187480,tomato,574.9419743936804,3
2026-04-21 17:40:33.187480,banana,331.90463074022,7
2026-04-22 08:10:33.187480,banana,122.68321253748974,1
2026-04-21 19:40:33.187480,milk,382.76882403551764,3
2026-04-21 03:10:33.187480,milk,484.6096408914551,10
2026-04-21 03:10:33.187480,banana,285.29310581976074,4
2026-04-21 12:10:33.187480,banana,253.15258907968803,8
2026-04-21 04:10:33.187480,banana,217.0330106005106,9
2026-04-22 07:40:33.187480,banana,231.823432583125,8
2026-04-20 13:40:33.187480,tilapia,709.8325654933806,10
2026-04-20 13:40:33.187480,milk,321.857233756481,10
2026-04-22 01:10:33.187480,tomato,710.8171708214284,9
2026-04-20 13:10:33.187480,banana,189.2515734869639,6
2026-04-21 23:10:33.187480,tomato,570.0626704787231,10
2026-04-21 04:10:33.187480,tomato,655.494934181974,4
2026-04-21 13:10:33.187480,milk,523.8231385394597,10
2026-04-22 07:40:33.187480,banana,338.080450309717,2
2026-04-22 11:40:33.187480,tomato,865.9411858988825,10
2026-04-21 02:10:33.187480,tomato,468.9029204255776,9
2026-04-20 15:10:33.187480,milk,373.31015322032704,3
2026-04-21 00:10:33.187480,tomato,649.4434908506,4
2026-04-21 01:40:33.187480,tilapia,542.2907478263215,1
2026-04-20 17:40:33.187480,tomato,755.5546376502839,1
2026-04-21 12:40:33.187480,tomato,785.8894145529594,1
2026-04-21 15:40:33.187480,tilapia,523.0933564809144,8
2026-04-21 16:10:33.187480,tilapia,866.8441597208423,8
2026-04-21 18:40:33.187480,milk,419.86090431176297,6
2026-04-22 00:40:33.187480,tilapia,927.9445370682665,1
2026-04-22 01:40:33.187480,tomato,529.9001267732967,10
2026-04-21 15:40:33.187480,tomato,744.6031430459208,6
2026-04-22 08:10:33.187480,tomato,464.68114228151063,5
2026-04-21 17:40:33.187480,tilapia,583.3982465453078,7
2026-04-22 03:40:33.187480,banana,202.62893615299285,8
2026-04-20 16:10:33.187480,tilapia,986.2632713225112,2
2026-04-22 06:10:33.187480,tilapia,808.9942321950764,3
2026-04-22 12:40:33.187480,banana,327.48816853061396,7
2026-04-21 09:10:33.187480,tilapia,483.3919675496297,7
2026-04-20 23:40:33.187480,tilapia,628.1989219363279,8
2026-04-21 06:40:33.187480,tomato,633.7370450853346,3
2026-04-22 04:10:33.187480,banana,145.5870937077015,7
2026-04-20 18:40:33.187480,milk,515.9196089978698,8
2026-04-20 21:10:33.187480,tomato,472.38769935455275,9
2026-04-22 08:10:33.187480,milk,271.76832456896625,2
2026-04-22 09:10:33.187480,milk,445.66189644915016,6
2026-04-20 21:40:33.187480,milk,395.29545974965777,5
2026-04-21 17:40:33.187480,banana,356.5387961157301,8
2026-04-21 08:10:33.187480,banana,234.06091165960177,10
2026-04-21 20:10:33.187480,milk,355.79756542723845,8
2026-04-22 13:10:33.187480,banana,324.3385347109763,3
2026-04-20 13:10:33.187480,milk,428.144087347629,9
2026-04-22 11:10:33.187480,milk,486.4601316853008,8
2026-04-21 15:10:33.187480,banana,327.87708279900676,6
2026-04-21 11:10:33.187480,tilapia,611.6883708191051,3
2026-04-22 04:40:33.187480,banana,139.24343901888108,10
2026-04-21 08:40:33.187480,banana,307.4931615292084,7
2026-04-21 13:10:33.187480,tomato,872.5172801422864,3
2026-04-20 14:10:33.187480,tomato,708.2556794155637,10
2026-04-21 07:40:33.187480,banana,359.6198202580207,2
2026-04-21 10:40:33.187480,tomato,852.1973059099848,6
2026-04-20 18:10:33.187480,tilapia,606.9171994683052,7
2026-04-21 02:40:33.187480,banana,206.64133673792574,8
2026-04-21 17:10:33.187480,tilapia,505.7579678009196,6
2026-04-22 13:10:33.187480,milk,321.76543136395196,8
2026-04-21 09:10:33.187480,tomato,708.6349465023388,3
2026-04-21 20:40:33.187480,tomato,503.4659159277335,10
2026-04-20 22:40:33.187480,milk,522.7893268577842,5
2026-04-20 17:10:33.187480,tilapia,713.6628030697357,6
2026-04-21 20:40:33.187480,tilapia,481.1695904027397,8
2026-04-21 15:10:33.187480,banana,271.2935200841272,4
2026-04-21 21:10:33.187480,milk,260.9279819549753,9
2026-04-20 16:10:33.187480,tomato,684.1490530713236,2
2026-04-21 11:10:33.187480,milk,275.3372453400807,6
2026-04-21 16:10:33.187480,tomato,538.7211156812928,8
2026-04-22 08:10:33.187480,banana,172.23965487226144,8
2026-04-20 17:40:33.187480,milk,485.4722898039819,3
2026-04-22 08:40:33.187480,tomato,724.8399866954919,3
2026-04-21 09:40:33.187480,banana,239.85495099754178,4
2026-04-22 12:10:33.187480,milk,454.00267385460376,5
2026-04-21 16:40:33.187480,tomato,431.71713429318993,7
2026-04-21 15:40:33.187480,banana,191.313632938151,9
2026-04-21 04:10:33.187480,milk,396.42592042750925,9
2026-04-21 21:40:33.187480,milk,506.1796468259956,8
2026-04-21 02:10:33.187480,tilapia,728.1435058317345,1
2026-04-22 01:40:33.187480,tomato,661.5439557867053,2
2026-04-20 19:40:33.187480,tilapia,678.3522411602048,9
2026-04-20 16:10:33.187480,tomato,593.250862568884,9
2026-04-22 03:40:33.187480,tilapia,635.8061873479616,3
2026-04-22 01:10:33.187480,milk,279.0007094115327,6
2026-04-21 13:40:33.187480,tomato,750.5265284913412,6
2026-04-21 11:10:33.187480,tomato,664.0707272156163,6
2026-04-21 23:40:33.187480,tilapia,819.3206699010302,8
2026-04-21 03:10:33.187480,tilapia,663.4616615826342,7
2026-04-21 17:10:33.187480,tomato,397.7503371647333,5
2026-04-21 14:40:33.187480,tomato,898.564271579066,1
2026-04-22 09:10:33.187480,tomato,830.9964813567719,4
2026-04-22 11:40:33.187480,milk,293.1748708594421,9
2026-04-22 05:40:33.187480,tilapia,1043.8094247122672,9
2026-04-21 01:10:33.187480,tomato,831.1278901059413,3
2026-04-22 07:40:33.187480,milk,497.7081328208072,7
2026-04-20 22:10:33.187480,tomato,522.1751592153166,5
2026-04-22 05:10:33.187480,tomato,636.1663913113207,6
2026-04-21 19:10:33.187480,tomato,862.6483385318404,9
2026-04-22 07:10:33.187480,banana,138.91900166201265,4
2026-04-21 13:10:33.187480,tomato,476.96168604654247,5
2026-04-21 04:40:33.187480,tilapia,962.2532319434866,5
2026-04-21 12:10:33.187480,milk,389.4358946487155,6
2026-04-21 04:10:33.187480,milk,421.4638062996339,1
2026-04-21 22:40:33.187480,tilapia,787.0432405149438,4
2026-04-21 06:10:33.187480,tomato,651.1079204147727,7
2026-04-21 13:10:33.187480,tomato,840.7768416004321,9
2026-04-21 14:10:33.187480,tilapia,567.2536766237893,5
2026-04-22 07:40:33.187480,banana,317.0737800066088,8
2026-04-21 16:40:33.187480,tomato,517.8080107274533,10
2026-04-20 21:10:33.187480,tomato,511.2224543168883,8
2026-04-21 12:10:33.187480,milk,499.74905752539945,3
2026-04-21 22:10:33.187480,tomato,749.5249631860257,1
2026-04-21 22:40:33.187480,tomato,413.512928671023,9
2026-04-20 18:40:33.187480,tilapia,934.6305058415174,2
2026-04-21 08:10:33.187480,tilapia,852.4693277593249,8
2026-04-22 00:10:33.187480,milk,476.7493975816804,4
2026-04-22 13:10:33.187480,banana,251.57377388206072,3
2026-04-22 08:40:33.187480,banana,178.83179280164535,5
2026-04-22 01:40:33.187480,banana,282.4088313377762,3
2026-04-22 07:40:33.187480,banana,288.23140603725676,4
2026-04-20 23:40:33.187480,tomato,690.6569539823863,2
2026-04-21 10:40:33.187480,tilapia,822.6318644228809,1
2026-04-22 11:10:33.187480,tilapia,986.0293287545758,10
2026-04-21 05:10:33.187480,banana,312.0711431172696,7
2026-04-21 20:40:33.187480,tilapia,967.0610530288068,1
2026-04-22 01:40:33.187480,banana,165.46222831707482,3
2026-04-20 19:40:33.187480,milk,536.2810910481123,6
2026-04-21 16:40:33.187480,tomato,591.7132390721845,5
2026-04-21 12:40:33.187480,banana,335.7115784913299,7
2026-04-22 04:40:33.187480,banana,275.08790004436514,1
2026-04-21 19:10:33.187480,banana,309.584752027911,9
2026-04-22 09:40:33.187480,tomato,488.43287950305034,5
2026-04-21 01:40:33.187480,tilapia,1001.6910759528951,1
2026-04-22 08:40:33.187480,banana,150.62139845589502,4
2026-04-20 20:40:33.187480,milk,290.9921437089264,1
2026-04-21 11:40:33.187480,banana,301.8686529585232,6
2026-04-21 21:40:33.187480,milk,363.8836269686318,6
2026-04-22 02:40:33.187480,tomato,630.9423038696261,10
2026-04-22 03:40:33.187480,banana,239.30913957590064,7
2026-04-22 13:10:33.187480,tomato,364.597027557405,7
2026-04-20 13:40:33.187480,tilapia,890.2434407145213,2
2026-04-21 20:40:33.187480,tilapia,806.183113643415,5
2026-04-21 04:10:33.187480,banana,308.3338566554884,2
